ID Peserta,Ketinggian,Temperatur,Kelembapan Relatif,Tekanan,Arah Angin,Kecepatan Angin,Lintang,Bujur
,7.60,-7.662014,107.612190
,6.74,-7.662022,107.612061
,5.90,-7.662022,107.611893
0,5.26,-7.662325,107.610817
4,6.09,-7.662339,107.610764
2,5.23,-7.662352,107.610718
3,6.04,-7.662364,107.610664
3,5.95,-7.662373,107.610611
9,5.13,-7.662381,107.610565
MAHESWARA_KOMBAT2019,07:29:50,6384.8,5.0,9.9,447.8,261.3,5.94,-7.662389,107.610512
MAHESWARA_KOMBAT2019,07:29:51,6390.9,5.0,9.9,447.5,257.0,5.18,-7.662399,107.610466
MAHESWARA_KOMBAT2019,07:29:52,6395.9,4.9,9.5,447.1,256.8,6.02,-7.662412,107.610413
MAHESWARA_KOMBAT2019,07:29:53,6401.5,4.8,10.2,446.8,254.9,6.08,-7.662426,107.610359
MAHESWARA_KOMBAT2019,07:29:54,6407.2,4.8,10.3,446.4,258.4,6.87,-7.662438,107.610298
,6.00,-7.662448,107.610245
MAHESWARA_KOMBAT2019,07:29:56,6420.2,4.8,9.5,445.7,263.3,5.91,-7.662455,107.610191
MAHESWARA_KOMBAT2019,07:29:57,6431.7,4.8,10.4,444.9,268.5,5.89,-7.662456,107.610138
MAHESWARA_KOMBAT2019,07:29:58,6431.1,4.8,10.1,445.0,270.5,5.86,-7.662456,107.610085
MAHESWARA_KOMBAT2019,07:29:59,6437.2,4.8,9.7,444.6,271.8,5.03,-7.662454,107.610039
MAHESWARA_KOMBAT2019,07:30:00,6442.1,4.8,10.1,444.3,271.2,5.05,-7.662453,107.609993
MAHESWARA_KOMBAT2019,07:30:01,6447.1,4.7,10.0,444.0,268.2,5.05,-7.662455,107.609947
MAHESWARA_KOMBAT2019,07:30:02,6452.9,4.7,10.0,443.7,265.8,5.04,-7.662458,107.609901
MAHESWARA_KOMBAT2019,07:30:03,6457.8,4.5,10.1,443.3,262.1,4.25,-7.662463,107.609863
MAHESWARA_KOMBAT2019,07:30:06,6475.0,4.4,10.1,442.3,260.5,5.12,-7.662484,107.609734
2,4.32,-7.662493,107.609695
MAHESWARA_KOMBAT2019,07:30:15,6525.6,4.4,10.0,439.2,256.MAHESWARA_KOMBAT2019,07:30:17,6536.7,4.3,10.2,438.5,255.4,6.09,-7.662614,107.609169
MAHESWARA_KOMBAT2019,07:30:18,6543.0,4.2,10.2,438.1,253.0,6.13,-7.662631,107.609116
MAHESWARA_KOMBAT2019,07:30:19,6548.5,4.1,10.2,437.8,253.7,7.01,-7.662648,107.609055
MAHESWARA_KOMBAT2019,07:30:20,6554.2,4.1,10.5,437.4,250.2,6.23,-7.662667,107.609001
MAHESWARA_KOMBAT2019,07:30:21,6560.6,4.0,10.1,437.0,250.6,6.25,-7.662686,107.608948
MAHESWARA_KOMBAT2019,07:30:22,6565.5,4.0,10.1,436.8,251.1,6.20,-7.662704,107.608894
5,6.18,-7.662721,107.608841
5,6.17,-7.662737,107.608788
MAHESWARA_KOMBAT2019,07:30:25,6582.1,4.0,10.0,435.7,252.0,6.19,-7.662755,107.608734
MAHESWARA_KOMBAT2019,07:30:26,6588.9,4.0,10.2,435.3,246.7,5.50,-7.662774,107.608688
9,7.09,-7.662795,107.608627
MAHESWARA_KOMBAT2019,07:30:28,6602.2,3.9,10.2,434.5,247.MAHESWARA_KOMBAT2019,07:30:29,6606.0,3.9,10.2,434.3,250.5,7.11,-7.662838,107.608513
MAHESWARA_KOMBAT2019,07:30:30,6611.6,3.9,10.2,434.0,254.7,7.81,-7.662857,107.608444
2,6.83,-7.662896,107.608253
MAHESWARA_KOMBAT2019,07:30:38,6657.0,3.7,9.9,431.2,251.6,6.17,-7.662961,107.607986
,7.01,-7.663222,107.607246
MAHESWARA_KOMBAT2019,07:30:52,6738.5,3.5,9.6,426.3,252.5,6.18,-7.663255,107.607132
MAHESWARA_KOMBAT2019,07:30:53,6744.0,3.5,9.9,426.0,253.3,7.02,-7.663273,107.607071
MAHESWARA_KOMBAT2019,07:30:54,6749.4,3.5,9.5,425.7,248.8,6.31,-7.663294,107.607018
,6.90,-7.663442,107.606514
MAHESWARA_KOMBAT2019,07:31:03,6803.1,3.3,9.5,422.5,257.0,8.05,-7.663662,107.605896
MAHESWARA_KOMBAT2019,07:31:13,6862.9,3.1,9.2,419.0,246.6,7.32,-7.663688,107.605835
MAHESWARA_KOMBAT2019,07:31:14,6868.8,3.0,9.2,418.6,248.9,8.10,-7.663714,107.605766
MAHESWARA_KOMBAT2019,07:31:15,6874.6,3.0,9.5,418.3,250.0,8.05,-7.663739,107.605698
,7.19,-7.663762,107.605637
,7.04,-7.663782,107.605576
MAHESWARA_KOMBAT2019,07:31:18,6892.4,2.9,8.5,417.2,255.4,6.96,-7.663797,107.605515
MAHESWARA_KOMBAT2019,07:31:19,6898.1,2.8,9.1,416.9,259.7,7.65,-7.663810,107.605446
MAHESWARA_KOMBAT2019,07:31:20,6910.9,2.8,9.3,416.2,259.3,6.85,-7.663821,107.605385
MAHESWARA_KOMBAT2019,07:31:21,6911.2,2.8,9.1,416.1,259.3,6.79,-7.663833,107.605324
MAHESWARA_KOMBAT2019,07:31:22,6916.3,2.8,9.2,415.8,259.3,7.66,-7.663846,107.605255
MAHESWARA_KOMBAT2019,07:31:23,6921.8,2.8,9.0,415.5,255.8,6.88,-7.663861,107.605194
MAHESWARA_KOMBAT2019,07:31:24,6927.7,2.8,9.0,415.2,254.6,6.97,-7.663877,107.605133
MAHESWARA_KOMBAT2019,07:31:25,6933.6,2.8,8.9,414.8,252.5,7.05,-7.663897,107.605072
MAHESWARA_KOMBAT2019,07:31:26,6940.6,2.7,8.9,414.4,250.2,6.22,-7.663916,107.605019
MAHESWARA_KOMBAT2019,07:31:27,6946.2,2.6,8.6,414.1,254.6,6.97,-7.663932,107.604958
MAHESWARA_KOMBAT2019,07:31:28,6952.9,2.6,8.4,413.7,258.5,7.68,-7.663946,107.604889
MAHESWARA_KOMBAT2019,07:31:29,6959.4,2.6,8.7,413.3,261.5,6.77,-7.663955,107.604828
MAHESWARA_KOMBAT2019,07:31:30,6968.4,2.6,8.9,412.8,266.0,7.56,-7.663960,107.604759
MAHESWARA_KOMBAT2019,07:31:31,6972.6,2.6,8.7,412.6,269.6,7.55,-7.663960,107.604691
MAHESWARA_KOMBAT2019,07:31:32,6976.8,2.6,8.6,412.3,271.4,6.70,-7.663957,107.604553
MAHESWARA_KOMBAT2019,07:31:34,6988.5,2.5,8.4,411.6,271.2,5.86,-7.663914,107.603432
,5.04,-7.663911,107.603386
,5.06,-7.663908,107.603340
MAHESWARA_KOMBAT2019,07:31:55,7112.5,1.9,8.5,404.5,276.2,5.91,-7.663902,107.603287
MAHESWARA_KOMBAT2019,07:31:56,7118.9,1.9,8.1,404.2,281.3,5.11,-7.663893,107.603241
MAHESWARA_KOMBAT2019,07:31:57,7124.4,1.9,8.3,403.8,284.6,6.04,-7.663879,107.603188
MAHESWARA_KOMBAT2019,07:31:58,7131.5,1.9,8.1,403.4,287.5,6.18,-7.663863,107.603134
MAHESWARA_KOMBAT2019,07:31:59,7137.3,1.9,8.1,403.1,292.8,5.42,-7.663844,107.603088
,5.52,-7.663823,107.603043
,4.74,-7.663803,107.603004
MAHESWARA_KOMBAT2019,07:32:14,7227.1,1.4,7.7,398.0,298.5MAHESWARA_KOMBAT2019,07:32:23,7280.5,1.1,7.6,395.0,317.8,4.97,-7.663310,107.602081
MAHESWARA_KOMBAT2019,07:32:24,7285.8,1.1,7.5,394.7,311.4,5.60,-7.663276,107.602043
MAHESWARA_KOMBAT2019,07:32:25,7292.3,1.1,7.2,394.4,313.0,5.72,-7.663241,107.602005
MAHESWARA_KOMBAT2019,07:32:26,7298.4,1.1,7.5,394.0,313.8,5.81,-7.663205,107.601967
MAHESWARA_KOMBAT2019,07:32:27,7303.8,1.1,7.7,393.7,314.9MAHESWARA_KOMBAT2019,07:32:28,7309.5,1.1,7.4,393.4,315.3MAHESWARA_KOMBAT2019,07:32:29,7315.3,1.1,7.5,393.1,314.9,5.96,-7.662785,107.601563
,5.37,-7.662746,107.601532
MAHESWARA_KOMBAT2019,07:32:40,7381.5,0.6,7.3,389.4,328.0MAHESWARA_KOMBAT2019,07:33:02,7511.3,-0.3,7.2,382.3,327.MAHESWARA_KOMBAT2019,07:33:03,7516.8,-0.3,7.5,382.0,319.6,6.44,-7.661746,107.600784
MAHESWARA_KOMBAT2019,07:33:04,7523.4,-0.3,7.2,381.6,322.6,5.53,-7.661706,107.600754
MAHESWARA_KOMBAT2019,07:33:05,7529.5,-0.4,7.1,381.3,313.0,5.73,-7.661671,107.600716
2,5.71,-7.660594,107.599579
MAHESWARA_KOMBAT2019,07:33:39,7721.7,-0.9,7.1,370.9,325.4,5.87,-7.660551,107.599548
MAHESWARA_KOMBAT2019,07:33:40,7727.0,-0.9,7.1,370.6,325.1,5.87,-7.660507,107.599518
MAHESWARA_KOMBAT2019,07:33:41,7733.6,-1.0,7.1,370.3,332.7,5.45,-7.660463,107.599495
MAHESWARA_KOMBAT2019,07:33:42,7739.3,-1.0,7.7,370.0,331.9,5.34,-7.660421,107.599472
MAHESWARA_KOMBAT2019,07:33:43,7744.9,-1.0,7.1,369.7,331.3,5.25,-7.660379,107.599449
MAHESWARA_KOMBAT2019,07:33:44,7750.9,-1.1,6.6,369.4,331.1,5.20,-7.660297,107.599403
MAHESWARA_KOMBAT2019,07:33:47,7768.5,-1.2,6.8,368.4,325.4,5.91,-7.660212,107.599350
8,6.09,-7.660120,107.599297
MAHESWARA_KOMBAT2019,07:33:50,7786.2,-1.3,6.9,367.5,334.1,5.75,-7.660074,107.599274
3,4.77,-7.659789,107.599106
MAHESWARA_KOMBAT2019,07:33:58,7834.3,-1.7,6.9,365.0,328.MAHESWARA_KOMBAT2019,07:34:01,7852.4,-1.8,6.9,364.0,339.2,5.43,-7.659229,107.598930
7,5.37,-7.659184,107.598915
0,4.83,-7.659141,107.598907
MAHESWARA_KOMBAT2019,07:34:14,7930.8,-2.1,6.7,359.9,348.9,4.34,-7.659062,107.598892
MAHESWARA_KOMBAT2019,07:34:15,7936.8,-2.2,7.1,359.6,338.MAHESWARA_KOMBAT2019,07:34:16,7943.3,-2.2,6.7,359.3,349.1,5.45,-7.658892,107.598846
9,4.80,-7.658446,107.598717
MAHESWARA_KOMBAT2019,07:34:32,8038.4,-2.4,6.6,354.4,350.MAHESWARA_KOMBAT2019,07:34:34,8050.4,-2.4,6.6,353.8,350.0,4.83,-7.658224,107.598671
MAHESWARA_KOMBAT2019,07:34:35,8056.1,-2.4,7.2,353.5,349.9,4.75,-7.658181,107.598663
MAHESWARA_KOMBAT2019,07:34:36,8062.5,-2.4,6.7,353.1,349.MAHESWARA_KOMBAT2019,07:34:37,8067.8,-2.4,6.8,352.9,350.4.99,-7.657916,107.598610
MAHESWARA_KOMBAT2019,07:34:48,8135.7,-2.9,6.3,349.4,348.8,4.32,-7.657647,107.598572
MAHESWARA_KOMBAT2019,07:34:49,8140.6,-2.9,6.6,349.2,349.8,4.73,-7.657605,107.598564
5.08,-7.657422,107.598564
4.86,-7.657247,107.598557
MAHESWARA_KOMBAT2019,07:34:58,8195.6,-3.4,6.0,346.4,350.3,4.96,-7.657202,107.598549
MAHESWARA_KOMBAT2019,07:34:59,8202.2,-3.5,6.2,346.0,350.5,5.11,-7.657157,107.598541
4,5.06,-7.657066,107.598526
MAHESWARA_KOMBAT2019,07:35:02,8220.2,-3.6,6.3,345.1,0.0,4.73,-7.657023,107.598526
MAHESWARA_KOMBAT2019,07:35:03,8226.0,-3.6,6.1,344.8,349.2,4.45,-7.656984,107.598518
4.09,-7.656947,107.598518
MAHESWARA_KOMBAT2019,07:35:05,8238.9,-3.7,5.9,344.2,336.5,4.19,-7.656912,107.598503
MAHESWARA_KOMBAT2019,07:35:06,8245.1,-3.8,6.0,343.9,347.6,3.89,-7.656878,107.598495
MAHESWARA_KOMBAT2019,07:35:07,8251.8,-3.9,5.5,343.5,336.8,4.27,-7.656843,107.598480
MAHESWARA_KOMBAT2019,07:35:08,8257.0,-4.0,6.1,343.3,337.9,4.47,-7.656806,107.598465
MAHESWARA_KOMBAT2019,07:35:09,8269.7,-4.0,6.0,342.6,339.1,4.67,-7.656766,107.598450
MAHESWARA_KOMBAT2019,07:35:10,8269.2,-4.0,5.9,342.7,349.MAHESWARA_KOMBAT2019,07:35:11,8275.3,-4.0,5.6,342.4,0.0,1,6.13,-7.655555,107.598152
5,6.54,-7.655243,107.598022
MAHESWARA_KOMBAT2019,07:35:41,8457.0,-5.4,5.2,333.4,346.MAHESWARA_KOMBAT2019,07:35:42,8463.5,-5.4,5.5,333.1,353.MAHESWARA_KOMBAT2019,07:36:14,8664.6,-6.2,5.1,323.4,332.MAHESWARA_KOMBAT2019,07:36:30,8768.4,-6.6,4.6,318.5,325.MAHESWARA_KOMBAT2019,07:37:33,9156.3,-8.7,4.5,300.6,266.2,12.53,-7.650260,107.592400
MAHESWARA_KOMBAT2019,07:37:34,9163.4,-8.8,4.6,300.3,266.4,12.53,-7.650268,107.592285
MAHESWARA_KOMBAT2019,07:37:35,9171.4,-8.9,4.6,300.0,265.6,11.82,-7.650276,107.592178
MAHESWARA_KOMBAT2019,07:37:36,9177.0,-9.0,4.6,299.7,264.7,10.88,-7.650285,107.592079
MAHESWARA_KOMBAT2019,07:37:37,9184.2,-9.1,4.5,299.4,264.3,11.72,-7.650295,107.591972
MAHESWARA_KOMBAT2019,07:37:38,9190.2,-9.1,4.2,299.1,262.8,10.92,-7.650308,107.591873
MAHESWARA_KOMBAT2019,07:37:39,9196.8,-9.1,4.7,298.8,262.5,10.93,-7.650321,107.591774
MAHESWARA_KOMBAT2019,07:37:40,9204.0,-9.1,4.5,298.5,262.5,10.93,-7.650333,107.591675
MAHESWARA_KOMBAT2019,07:37:41,9211.3,-9.1,4.5,298.2,263.4,10.91,-7.650345,107.591576
MAHESWARA_KOMBAT2019,07:37:42,9218.5,-9.2,4.6,297.9,265.6,11.82,-7.650353,107.591469
MAHESWARA_KOMBAT2019,07:37:43,9225.4,-9.2,4.5,297.6,268.2,11.67,-7.650356,107.591362
MAHESWARA_KOMBAT2019,07:37:44,9232.7,-9.2,4.5,297.2,271.0,11.67,-7.650354,107.591255
MAHESWARA_KOMBAT2019,07:37:45,9240.1,-9.2,4.7,296.9,272.MAHESWARA_KOMBAT2019,07:37:53,9297.5,-9.5,4.5,294.4,264.3,11.72,-7.650412,107.590225
1,11.68,-7.650414,107.589897
4,11.69,-7.650408,107.589790
9,12.64,-7.650402,107.589676
MAHESWARA_KOMBAT2019,07:38:04,9375.4,-9.8,4.3,290.9,268.8,12.63,-7.650403,107.588966
MAHESWARA_KOMBAT2019,07:38:06,9391.1,-9.8,4.0,290.3,267.4,12.51,-7.650413,107.588737
MAHESWARA_KOMBAT2019,07:38:09,9411.9,-9.9,4.3,289.3,271.4,10.84,-7.650415,107.588432
MAHESWARA_KOMBAT2019,07:38:10,9418.8,-9.9,4.3,289.0,272.8,11.68,-7.650410,107.588326
MAHESWARA_KOMBAT2019,07:38:11,9425.5,-9.9,4.3,288.7,274.4,11.70,-7.650402,107.588219
MAHESWARA_KOMBAT2019,07:38:12,9434.1,-9.9,4.6,288.4,275.3,12.55,-7.650392,107.588104
MAHESWARA_KOMBAT2019,07:38:13,9439.7,-10.0,4.2,288.1,274MAHESWARA_KOMBAT2019,07:38:14,9447.6,-10.1,4.4,287.8,274.3,12.66,-7.650373,107.587868
MAHESWARA_KOMBAT2019,07:38:15,9454.1,-10.1,4.4,287.5,272.7,13.35,-7.650368,107.587746
MAHESWARA_KOMBAT2019,07:38:16,9461.1,-10.2,4.4,287.2,270.5,13.33,-7.650367,107.587624
MAHESWARA_KOMBAT2019,07:38:17,9469.2,-10.2,3.9,286.9,268.5,14.18,-7.650176,107.584236
.4,15.03,-7.649948,107.579819
MAHESWARA_KOMBAT2019,07:39:21,9916.4,-13.1,4.3,268.0,271.7,15.84,-7.649944,107.579674
MAHESWARA_KOMBAT2019,07:39:23,9922.9,-13.2,4.1,267.8,269.8,18.52,-7.649944,107.579506
MAHESWARA_KOMBAT2019,07:39:24,9929.1,-13.2,4.0,267.5,268.8,15.00,-7.649947,107.579369
MAHESWARA_KOMBAT2019,07:39:39,10034.8,-13.7,4.1,263.2,266.2,14.20,-7.649876,107.577415
MAHESWARA_KOMBAT2019,07:39:40,10042.9,-13.8,3.8,262.9,267.2,15.02,-7.649883,107.577278
MAHESWARA_KOMBAT2019,07:39:41,10049.1,-13.7,4.1,262.7,268.4,15.16,-7.649887,107.577141
MAHESWARA_KOMBAT2019,07:39:42,10057.0,-13.8,4.4,262.3,270.4,14.17,-7.649886,107.577011
MAHESWARA_KOMBAT2019,07:39:43,10063.1,-13.8,4.0,262.1,273.2,14.19,-7.649879,107.576881
MAHESWARA_KOMBAT2019,07:39:44,10070.6,-13.8,3.9,261.8,275.6,15.07,-7.649865,107.576744
MAHESWARA_KOMBAT2019,07:39:45,10077.5,-13.9,4.1,261.5,277.4,15.97,-7.649828,107.576462
MAHESWARA_KOMBAT2019,07:39:47,10093.3,-14.2,4.1,260.9,275.3,15.90,-7.649815,107.576317
MAHESWARA_KOMBAT2019,07:39:48,10098.2,-14.1,4.1,260.7,272.0,16.68,-7.649809,107.576164
8.6,17.68,-7.649813,107.576004
MAHESWARA_KOMBAT2019,07:39:50,10112.6,-14.2,3.9,260.1,266.2,16.70,-7.649823,107.575851
MAHESWARA_KOMBAT2019,07:39:51,10120.0,-14.3,4.1,259.8,265.1,15.89,-7.649836,107.575706
5.6,15.88,-7.649847,107.575562
7.3,15.85,-7.649853,107.575417
MAHESWARA_KOMBAT2019,07:39:54,10140.5,-14.5,4.1,259.0,269.2,15.84,-7.649855,107.575272
MAHESWARA_KOMBAT2019,07:39:55,10147.8,-14.6,4.1,258.7,271.1,19.36,-7.649852,107.575096
7.5,16.68,-7.649874,107.573410
7.7,16.68,-7.649880,107.573257
MAHESWARA_KOMBAT2019,07:40:08,10239.3,-14.8,4.2,255.1,267.7,15.85,-7.649886,107.573112
8.0,16.84,-7.649891,107.572960
MAHESWARA_KOMBAT2019,07:40:10,10253.5,-14.8,4.0,254.6,268.6,17.51,-7.649895,107.572800
MAHESWARA_KOMBAT2019,07:40:11,10261.2,-14.8,4.0,254.2,269.0,17.50,-7.649898,107.572639
MAHESWARA_KOMBAT2019,07:40:12,10268.0,-14.9,4.0,254.0,269.2,19.17,-7.649900,107.572464
MAHESWARA_KOMBAT2019,07:40:13,10274.5,-15.0,3.8,253.7,268.7,19.19,-7.649904,107.572289
MAHESWARA_KOMBAT2019,07:40:14,10281.1,-15.1,4.0,253.5,267.6,19.38,-7.649911,107.572113
MAHESWARA_KOMBAT2019,07:40:15,10289.0,-15.2,4.2,253.1,266.2,19.23,-7.649922,107.571938
MAHESWARA_KOMBAT2019,07:40:16,10296.4,-15.3,4.0,252.9,265.0,19.43,-7.649938,107.571762
MAHESWARA_KOMBAT2019,07:40:17,10304.5,-15.4,4.2,252.5,263.8,18.44,-7.649956,107.571594
MAHESWARA_KOMBAT2019,07:40:18,10311.0,-15.5,4.2,252.3,263.6,18.45,-7.649974,107.571426
MAHESWARA_KOMBAT2019,07:40:19,10318.1,-15.6,4.0,252.0,263.6,18.45,-7.649993,107.571259
MAHESWARA_KOMBAT2019,07:40:20,10325.6,-15.7,4.1,251.7,263.9,18.44,-7.650011,107.571091
MAHESWARA_KOMBAT2019,07:40:21,10332.6,-15.7,4.0,251.4,264.9,17.57,-7.650025,107.570930
MAHESWARA_KOMBAT2019,07:40:22,10340.9,-15.8,4.0,251.1,266.7,18.37,-7.650034,107.570763
MAHESWARA_KOMBAT2019,07:40:23,10346.4,-15.9,4.0,250.9,268.9,18.52,-7.650038,107.570595
MAHESWARA_KOMBAT2019,07:40:25,10361.7,-15.8,4.0,250.3,27MAHESWARA_KOMBAT2019,07:40:26,10368.4,-15.8,4.1,250.1,260.8,19.17,-7.650166,107.568100
9.4,20.00,-7.650168,107.567917
MAHESWARA_KOMBAT2019,07:40:39,10461.9,-16.4,4.0,246.5,267.7,20.02,-7.650175,107.567734
MAHESWARA_KOMBAT2019,07:40:40,10469.3,-16.5,4.0,246.2,266.1,20.05,-7.650187,107.567551
MAHESWARA_KOMBAT2019,07:40:41,10476.0,-16.6,3.9,245.9,264.7,20.29,-7.650204,107.567368
MAHESWARA_KOMBAT2019,07:40:42,10485.4,-16.7,3.8,245.6,263.3,18.46,-7.650224,107.567200
MAHESWARA_KOMBAT2019,07:40:43,10490.4,-16.7,3.9,245.4,262.7,18.49,-7.650245,107.567032
MAHESWARA_KOMBAT2019,07:40:44,10497.8,-16.7,3.9,245.1,263.1,18.47,-7.650265,107.566864
9.2,19.17,-7.650305,107.565704
6.1,20.05,-7.650324,107.565346
4.2,19.27,-7.650342,107.565170
1.2,17.51,-7.650423,107.563858
4.4,16.75,-7.650516,107.562515
6.2,16.87,-7.650526,107.562363
2.9,17.52,-7.650605,107.559639
2.8,17.70,-7.650598,107.559479
2.3,18.35,-7.650523,107.557129
0.7,17.50,-7.650521,107.556969
MAHESWARA_KOMBAT2019,07:41:48,10958.7,-19.1,3.9,228.1,269.1,17.68,-7.650524,107.556808
MAHESWARA_KOMBAT2019,07:41:49,10965.7,-19.1,3.9,227.8,268.6,17.51,-7.650527,107.556648
MAHESWARA_KOMBAT2019,07:41:50,10973.2,-19.1,3.9,227.5,26MAHESWARA_KOMBAT2019,07:41:51,10980.0,-19.2,3.9,227.3,270.4,15.84,-7.650529,107.556351
MAHESWARA_KOMBAT2019,07:41:58,11032.4,-19.9,3.9,225.4,276.3,16.77,-7.650417,107.555328
MAHESWARA_KOMBAT2019,07:41:59,11039.8,-19.9,3.9,225.2,274.8,17.74,-7.650403,107.555168
MAHESWARA_KOMBAT2019,07:42:01,11054.2,-19.9,3.9,224.6,272.0,16.68,-7.650389,107.554855
MAHESWARA_KOMBAT2019,07:42:02,11062.7,-20.0,3.9,224.3,270.0,16.67,-7.650389,107.554703
MAHESWARA_KOMBAT2019,07:42:03,11069.4,-20.0,3.8,224.1,269.3,16.84,-7.650391,107.554550
MAHESWARA_KOMBAT2019,07:42:04,11076.5,-19.9,3.9,223.9,270.0,15.00,-7.650391,107.554413
MAHESWARA_KOMBAT2019,07:42:07,11100.2,-20.0,3.4,223.0,27MAHESWARA_KOMBAT2019,07:42:20,11197.3,-20.9,3.9,219.6,286.3,14.76,-7.650149,107.552139
MAHESWARA_KOMBAT2019,07:42:21,11204.4,-20.9,3.9,219.4,286.6,15.65,-7.650109,107.552002
2.7,16.40,-7.650039,107.551712
MAHESWARA_KOMBAT2019,07:42:27,11251.2,-21.0,3.9,217.7,274.0,16.88,-7.649963,107.551086
MAHESWARA_KOMBAT2019,07:42:28,11255.9,-21.1,3.9,217.6,273.4,16.86,-7.649954,107.550934
MAHESWARA_KOMBAT2019,07:42:29,11263.1,-21.1,3.8,217.3,275.4,15.22,-7.649941,107.550797
MAHESWARA_KOMBAT2019,07:42:30,11270.5,-21.0,3.9,217.1,279.7,14.37,-7.649920,107.550667
MAHESWARA_KOMBAT2019,07:42:31,11277.6,-21.3,4.0,216.8,285.0,13.94,-7.649887,107.550545
MAHESWARA_KOMBAT2019,07:42:32,11287.5,-21.4,3.5,216.5,289.1,14.25,-7.649845,107.550423
MAHESWARA_KOMBAT2019,07:42:33,11292.8,-21.6,3.7,216.3,290.9,15.32,-7.649796,107.550293
MAHESWARA_KOMBAT2019,07:42:34,11299.7,-21.7,4.2,216.1,291.6,15.40,-7.649745,107.550163
MAHESWARA_KOMBAT2019,07:42:37,11334.7,-21.9,4.1,214.9,281.9,17.21,-7.649626,107.549706
MAHESWARA_KOMBAT2019,07:42:38,11330.0,-22.0,3.9,215.0,279.1,17.05,-7.649601,107.549553
7.6,16.13,-7.649582,107.549408
MAHESWARA_KOMBAT2019,07:42:40,11344.0,-22.2,3.9,214.6,277.0,15.26,-7.649566,107.549271
MAHESWARA_KOMBAT2019,07:42:41,11352.0,-22.3,3.9,214.3,277.4,15.28,-7.649548,107.549133
MAHESWARA_KOMBAT2019,07:42:42,11360.1,-22.3,4.0,214.0,280.1,13.68,-7.649527,107.549011
MAHESWARA_KOMBAT2019,07:42:43,11365.8,-22.3,3.9,213.8,283.7,13.73,-7.649497,107.548889
MAHESWARA_KOMBAT2019,07:42:44,11372.5,-22.3,3.9,213.6,289.5,13.39,-7.649457,107.548775
MAHESWARA_KOMBAT2019,07:42:45,11379.9,-22.4,3.9,213.3,291.9,14.52,-7.649408,107.548653
MAHESWARA_KOMBAT2019,07:42:46,11386.7,-22.5,3.9,213.1,293.5,15.60,-7.649353,107.548523
MAHESWARA_KOMBAT2019,07:42:47,11399.8,-22.5,3.8,212.7,292.8,16.44,-7.649295,107.548386
MAHESWARA_KOMBAT2019,07:42:48,11400.5,-22.6,3.6,212.6,290.4,17.06,-7.649242,107.548241
MAHESWARA_KOMBAT2019,07:42:49,11407.2,-22.6,4.0,212.4,286.7,17.57,-7.649197,107.548088
1.1,17.15,-7.649131,107.547783
MAHESWARA_KOMBAT2019,07:42:52,11431.4,-22.9,3.9,211.6,279.4,16.21,-7.649107,107.547638
MAHESWARA_KOMBAT2019,07:42:53,11436.1,-23.0,3.9,211.4,279.9,15.38,-7.649083,107.547501
2.4,13.79,-7.649056,107.547379
5.7,15.74,-7.648630,107.546188
MAHESWARA_KOMBAT2019,07:43:08,11551.1,-23.7,4.0,207.6,290.5,13.35,-7.648462,107.545555
MAHESWARA_KOMBAT2019,07:43:09,11557.5,-23.6,4.0,207.4,293.2,14.66,-7.648410,107.545433
7.7,14.26,-7.648351,107.545319
MAHESWARA_KOMBAT2019,07:43:12,11582.4,-24.0,3.9,206.6,295.6,15.71,-7.648225,107.545059
MAHESWARA_KOMBAT2019,07:43:13,11585.6,-24.1,4.2,206.4,292.6,16.42,-7.648169,107.544922
MAHESWARA_KOMBAT2019,07:43:16,11608.1,-24.2,3.8,205.7,284.3,16.51,-7.648040,107.544487
MAHESWARA_KOMBAT2019,07:43:18,11622.7,-24.3,4.0,205.2,285.0,13.94,-7.647974,107.544235
MAHESWARA_KOMBAT2019,07:43:19,11631.6,-24.5,4.0,204.9,287.7,13.25,-7.647938,107.544121
MAHESWARA_KOMBAT2019,07:43:20,11639.2,-24.6,4.1,204.7,291.8,12.70,-7.647896,107.544014
MAHESWARA_KOMBAT2019,07:43:21,11647.3,-24.7,4.0,204.4,295.3,12.91,-7.647846,107.543907
MAHESWARA_KOMBAT2019,07:43:24,11670.0,-24.7,4.4,203.6,30MAHESWARA_KOMBAT2019,07:43:25,11677.4,-24.8,4.1,203.4,299.9,16.51,-7.647573,107.543419
MAHESWARA_KOMBAT2019,07:43:30,11714.6,-24.9,4.1,202.2,28MAHESWARA_KOMBAT2019,07:43:31,11721.8,-25.0,4.1,202.0,283.7,12.13,-7.647324,107.542702
MAHESWARA_KOMBAT2019,07:43:32,11730.8,-25.0,4.2,201.7,292.5,14.43,-7.647274,107.542580
MAHESWARA_KOMBAT2019,07:43:33,11736.6,-25.2,4.5,201.5,302.9,12.03,-7.647215,107.542488
9.7,14.22,-7.647060,107.542297
MAHESWARA_KOMBAT2019,07:43:36,11758.1,-25.3,4.1,200.8,308.1,14.97,-7.646977,107.542191
MAHESWARA_KOMBAT2019,07:43:37,11767.7,-25.4,4.1,200.5,304.4,15.31,-7.646899,107.542076
MAHESWARA_KOMBAT2019,07:43:38,11772.8,-25.4,4.1,200.3,298.4,16.11,-7.646830,107.541946
9.9,13.29,-7.646636,107.541458
MAHESWARA_KOMBAT2019,07:43:43,11811.4,-25.8,3.8,199.1,296.3,11.27,-7.646591,107.541367
MAHESWARA_KOMBAT2019,07:43:44,11819.2,-25.8,3.9,198.8,300.0,11.67,-7.646539,107.541275
MAHESWARA_KOMBAT2019,07:43:45,11827.0,-25.9,4.1,198.6,307.1,11.61,-7.646476,107.541191
MAHESWARA_KOMBAT2019,07:43:50,11866.0,-26.0,4.1,197.3,311.1,14.53,-7.646073,107.540733
7.3,15.87,-7.645987,107.540619
MAHESWARA_KOMBAT2019,07:43:53,11884.0,-26.1,4.2,196.7,30MAHESWARA_KOMBAT2019,07:43:56,11905.5,-26.1,4.1,196.1,304.4,15.31,-7.645586,107.540031
MAHESWARA_KOMBAT2019,07:43:57,11914.4,-26.1,4.3,195.8,307.1,14.78,-7.645506,107.539925
MAHESWARA_KOMBAT2019,07:44:02,11951.5,-26.4,4.2,194.6,310.5,16.60,-7.645051,107.539383
MAHESWARA_KOMBAT2019,07:44:07,11992.0,-26.7,4.3,193.3,313.5,17.42,-7.644526,107.538788
MAHESWARA_KOMBAT2019,07:44:08,11998.1,-26.8,4.1,193.1,311.2,17.90,-7.644420,107.538666
9.1,18.44,-7.644315,107.538536
MAHESWARA_KOMBAT2019,07:44:12,12029.4,-27.1,4.3,192.1,310.4,17.69,-7.644007,107.538170
MAHESWARA_KOMBAT2019,07:44:13,12036.3,-27.2,4.0,191.9,31MAHESWARA_KOMBAT2019,07:44:14,12043.7,-27.3,3.9,191.7,314.0,17.56,-7.643791,107.537941
MAHESWARA_KOMBAT2019,07:44:18,12074.2,-27.2,4.3,190.7,31MAHESWARA_KOMBAT2019,07:44:19,12082.2,-27.2,3.7,190.5,318.0,20.14,-7.643156,107.537361
MAHESWARA_KOMBAT2019,07:44:20,12089.6,-27.2,3.9,190.3,316.1,20.43,-7.643023,107.537231
2.7,20.40,-7.642639,107.536812
1.0,21.19,-7.642514,107.536667
MAHESWARA_KOMBAT2019,07:44:28,12154.0,-27.2,3.9,188.3,31MAHESWARA_KOMBAT2019,07:44:29,12161.9,-27.2,4.1,188.0,31MAHESWARA_KOMBAT2019,07:44:30,12169.1,-27.2,3.8,187.8,317.3,20.89,-7.641726,107.535881
MAHESWARA_KOMBAT2019,07:44:34,12200.6,-27.2,3.8,186.9,318.8,22.77,-7.641122,107.535347
MAHESWARA_KOMBAT2019,07:44:35,12207.2,-27.3,3.8,186.6,317.7,22.53,-7.640973,107.535210
MAHESWARA_KOMBAT2019,07:44:36,12214.6,-27.3,3.7,186.4,315.2,21.49,-7.640836,107.535072
2.1,20.42,-7.640713,107.534935
MAHESWARA_KOMBAT2019,07:44:43,12263.9,-27.8,3.7,184.9,313.4,18.54,-7.640083,107.534187
5.1,17.66,-7.638457,107.531738
5.5,17.55,-7.638389,107.531593
MAHESWARA_KOMBAT2019,07:45:06,12438.4,-28.3,3.6,179.7,305.8,16.83,-7.637951,107.530800
7.7,18.55,-7.637233,107.528343
MAHESWARA_KOMBAT2019,07:45:25,12582.8,-28.5,3.5,175.5,286.9,18.47,-7.637185,107.528183
3.6,19.92,-7.637143,107.528008
0.9,18.86,-7.637111,107.527840
MAHESWARA_KOMBAT2019,07:45:49,12763.5,-29.8,3.2,170.3,27MAHESWARA_KOMBAT2019,07:45:50,12771.3,-29.9,3.2,170.1,276.8,17.80,-7.636751,107.524071
MAHESWARA_KOMBAT2019,07:45:51,12779.2,-29.8,3.3,169.8,273.8,19.40,-7.636740,107.523895
1.6,19.37,-7.636735,107.523720
0.0,20.51,-7.636734,107.520714
MAHESWARA_KOMBAT2019,07:46:17,12986.8,-31.1,3.1,164.1,271.4,20.21,-7.636812,107.519218
MAHESWARA_KOMBAT2019,07:46:18,12994.7,-31.1,3.2,163.8,268.3,20.21,-7.636817,107.519035
5.3,20.25,-7.636832,107.518852
MAHESWARA_KOMBAT2019,07:46:26,13060.1,-31.6,2.6,162.0,266.5,19.40,-7.636972,107.517586
MAHESWARA_KOMBAT2019,07:46:43,13195.6,-31.5,3.3,158.4,26MAHESWARA_KOMBAT2019,07:46:44,13203.6,-31.5,3.1,158.2,262.4,22.91,-7.637414,107.514091
5.2,25.64,-7.642405,107.502960
5.1,34.15,-7.658774,107.487358
2.2,33.87,-7.659441,107.486710
MAHESWARA_KOMBAT2019,07:50:16,14875.7,-39.7,2.9,118.3,22MAHESWARA_KOMBAT2019,07:50:20,14888.1,-39.6,2.6,118.1,21MAHESWARA_KOMBAT2019,07:51:01,15135.7,-40.5,2.7,113.0,23MAHESWARA_KOMBAT2019,07:53:02,15900.2,-41.7,2.3,98.3,300.8,8.82,-7.695370,107.441635
.6,7.99,-7.695332,107.441574
MAHESWARA_KOMBAT2019,07:53:05,15919.3,-41.6,2.3,97.9,304.1,8.13,-7.695252,107.441452
.8,11.27,-7.693200,107.437927
MAHESWARA_KOMBAT2019,07:53:55,16177.9,-40.4,2.3,93.3,300.7,11.73,-7.693146,107.437836
.6,12.51,-7.692978,107.437401
MAHESWARA_KOMBAT2019,07:54:01,16205.2,-40.4,2.4,92.9,296.2,10.31,-7.692899,107.437225
MAHESWARA_KOMBAT2019,07:54:03,16210.4,-40.4,2.2,92.8,302MAHESWARA_KOMBAT2019,07:54:05,16218.3,-40.4,2.4,92.6,296.2,9.38,-7.692735,107.436935
MAHESWARA_KOMBAT2019,07:54:06,16221.8,-40.4,2.3,92.6,291.6,9.96,-7.692702,107.436852
.5,12.02,-7.692629,107.436554
.2,10.33,-7.692609,107.436462
MAHESWARA_KOMBAT2019,07:54:11,16242.4,-40.4,2.5,92.2,280.4,10.27,-7.692593,107.436371
MAHESWARA_KOMBAT2019,07:54:14,16252.7,-40.3,2.6,92.0,278.5,6.80,-7.692562,107.436172
MAHESWARA_KOMBAT2019,07:54:15,16252.8,-40.4,2.1,92.0,280.3,7.70,-7.692550,107.436104
.3,10.64,-7.692479,107.435852
MAHESWARA_KOMBAT2019,07:54:19,16267.6,-40.3,2.5,91.8,292.7,10.03,-7.692444,107.435768
.5,8.46,-7.692374,107.435623
.3,6.74,-7.692329,107.435387
.9,6.74,-7.692334,107.435326
.9,7.08,-7.691708,107.432686
MAHESWARA_KOMBAT2019,07:55:03,16364.6,-39.8,2.3,90.1,291.5,7.24,-7.691684,107.432625
MAHESWARA_KOMBAT2019,07:55:15,16390.7,-39.6,2.6,89.7,291.0,7.49,-7.691419,107.431877
.4,7.52,-7.691340,107.431763
.6,7.76,-7.691295,107.431709
.3,8.57,-7.690787,107.430527
MAHESWARA_KOMBAT2019,07:55:39,16444.0,-39.1,2.1,88.8,303.8,8.10,-7.690747,107.430466
.6,7.40,-7.690719,107.430405
MAHESWARA_KOMBAT2019,07:55:41,16448.7,-39.0,2.3,88.7,281.1,6.86,-7.690707,107.430344
.6,7.66,-7.690719,107.430206
.2,7.62,-7.690727,107.430138
MAHESWARA_KOMBAT2019,07:55:45,16460.8,-39.0,3.0,88.5,270MAHESWARA_KOMBAT2019,07:55:57,16500.5,-38.8,2.3,87.8,299.6,5.81,-7.690436,107.429306
MAHESWARA_KOMBAT2019,07:56:03,16520.7,-38.5,2.3,87.5,295.7,7.47,-7.690290,107.429024
.2,8.96,-7.690175,107.428833
.5,8.38,-7.690130,107.428772
MAHESWARA_KOMBAT2019,07:56:17,16575.0,-38.2,3.0,86.6,332.7,5.50,-7.689684,107.428436
MAHESWARA_KOMBAT2019,07:56:18,16579.2,-38.2,2.5,86.5,321MAHESWARA_KOMBAT2019,07:56:27,16618.4,-38.1,2.3,85.9,328.4,5.17,-7.689385,107.428169
MAHESWARA_KOMBAT2019,07:56:32,16642.3,-37.9,2.3,85.5,311.0,5.57,-7.689259,107.428032
MAHESWARA_KOMBAT2019,07:56:33,16646.2,-37.9,2.3,85.4,330.8,5.17,-7.689219,107.428009
MAHESWARA_KOMBAT2019,07:56:34,16649.7,-37.9,2.2,85.4,328.7,6.38,-7.689114,107.427963
.7,6.66,-7.689058,107.427940
.4,2.90,-7.687675,107.426910
.2,3.50,-7.687697,107.426849
7,4.67,-7.687592,107.426842
MAHESWARA_KOMBAT2019,07:57:50,16992.3,-37.3,2.2,80.0,303MAHESWARA_KOMBAT2019,07:57:51,16997.6,-37.4,2.0,79.9,310.6,5.54,-7.687410,107.426727
2,4.33,-7.687300,107.426704
MAHESWARA_KOMBAT2019,07:57:55,17020.4,-37.4,2.1,79.5,18.1,5.42,-7.687253,107.426720
MAHESWARA_KOMBAT2019,07:57:57,17032.1,-37.4,2.2,79.4,331.7,3.56,-7.687189,107.426697
MAHESWARA_KOMBAT2019,07:57:58,17036.4,-37.5,2.6,79.3,313MAHESWARA_KOMBAT2019,07:58:00,17047.2,-37.5,2.0,79.1,308.0,8.54,-7.687047,107.426514
MAHESWARA_KOMBAT2019,07:58:01,17052.9,-37.6,2.0,79.1,313.7,8.14,-7.686997,107.426460
MAHESWARA_KOMBAT2019,07:58:02,17056.3,-37.6,2.1,79.0,330.8,5.17,-7.686956,107.426437
MAHESWARA_KOMBAT2019,07:58:03,17068.2,-37.6,2.5,78.8,338.0,6.75,-7.686900,107.426414
.6,5.79,-7.686777,107.426384
MAHESWARA_KOMBAT2019,07:58:06,17062.4,-37.5,2.0,78.9,340.6,5.07,-7.686734,107.426369
MAHESWARA_KOMBAT2019,07:58:07,17065.2,-37.4,2.1,78.9,335.9,4.13,-7.686700,107.426353
MAHESWARA_KOMBAT2019,07:58:09,17070.2,-37.3,2.1,78.8,317MAHESWARA_KOMBAT2019,07:58:13,17086.3,-37.3,2.4,78.5,0.0,4.72,-7.686498,107.426262
MAHESWARA_KOMBAT2019,07:58:14,17091.4,-37.3,2.1,78.5,10.MAHESWARA_KOMBAT2019,07:58:16,17097.4,-37.3,2.0,78.4,26.4,3.79,-7.686389,107.426300
MAHESWARA_KOMBAT2019,07:58:18,17101.3,-37.2,1.9,78.3,338.4,2.28,-7.686347,107.426292
MAHESWARA_KOMBAT2019,07:58:21,17107.7,-37.2,2.0,78.2,346.7,3.65,-7.686272,107.426247
MAHESWARA_KOMBAT2019,07:58:22,17111.5,-37.1,2.1,78.2,11.1,4.38,-7.686234,107.426254
MAHESWARA_KOMBAT2019,07:58:24,17119.4,-37.1,2.1,78.0,39.3,6.65,-7.686143,107.426315
MAHESWARA_KOMBAT2019,07:58:28,17128.2,-37.0,2.5,77.9,350.7,5.22,-7.685957,107.426361
,5.41,-7.685814,107.426331
MAHESWARA_KOMBAT2019,07:58:32,17141.8,-37.0,2.1,77.7,17.MAHESWARA_KOMBAT2019,07:58:35,17149.0,-36.8,1.6,77.6,36.2,4.28,-7.685652,107.426430
MAHESWARA_KOMBAT2019,07:58:36,17151.2,-36.8,2.1,77.6,46.6,3.48,-7.685631,107.426453
MAHESWARA_KOMBAT2019,07:58:39,17158.6,-36.8,2.1,77.5,15.0,3.24,-7.685567,107.426468
MAHESWARA_KOMBAT2019,07:58:42,17168.3,-36.7,2.2,77.3,30.MAHESWARA_KOMBAT2019,07:58:43,17171.0,-36.7,2.0,77.3,23.MAHESWARA_KOMBAT2019,07:58:53,17201.6,-36.6,2.0,76.8,0.0MAHESWARA_KOMBAT2019,07:58:56,17209.7,-36.6,2.2,76.7,341.0,2.58,-7.684881,107.426529
MAHESWARA_KOMBAT2019,07:58:59,17223.9,-36.6,1.7,76.5,14.3,6.73,-7.684743,107.426537
MAHESWARA_KOMBAT2019,07:59:02,17237.2,-36.6,2.3,76.3,6.5,7.35,-7.684540,107.426575
MAHESWARA_KOMBAT2019,07:59:03,17239.7,-36.6,2.1,76.3,0.0,6.79,-7.684479,107.426575
.8,6.41,-7.684371,107.426544
.0,6.22,-7.684268,107.426506
MAHESWARA_KOMBAT2019,07:59:08,17263.1,-36.6,2.1,75.9,351.2,5.48,-7.684219,107.426498
MAHESWARA_KOMBAT2019,07:59:09,17269.7,-36.5,2.1,75.8,0.0,4.89,-7.684175,107.426498
MAHESWARA_KOMBAT2019,07:59:10,17273.3,-36.5,2.1,75.8,348MAHESWARA_KOMBAT2019,07:59:11,17277.1,-36.5,2.1,75.7,0.0,3.66,-7.684104,107.426491
MAHESWARA_KOMBAT2019,07:59:12,17279.0,-36.5,2.1,75.7,345.4,3.31,-7.684075,107.426483
MAHESWARA_KOMBAT2019,07:59:13,17281.2,-36.4,2.3,75.6,342.7,2.83,-7.684051,107.426476
.4,2.76,-7.684027,107.426468
MAHESWARA_KOMBAT2019,07:59:16,17264.5,-36.9,2.1,75.9,330.5,5.07,-7.683962,107.426437
MAHESWARA_KOMBAT2019,07:59:17,17255.1,-37.1,2.1,76.0,327.4,7.81,-7.683903,107.426399
.5,9.63,-7.683450,107.426186
MAHESWARA_KOMBAT2019,07:59:34,17131.0,-40.0,1.9,77.9,323.5,9.90,-7.682965,107.426331
.3,5.83,-7.683030,107.426270
5,8.82,-7.682622,107.426231
.4,8.69,-7.682515,107.425987
MAHESWARA_KOMBAT2019,08:00:03,16879.4,-44.4,1.9,81.7,190MAHESWARA_KOMBAT2019,08:00:05,16863.7,-44.6,1.7,82.0,111.3,9.88,-7.682696,107.426094
MAHESWARA_KOMBAT2019,08:00:07,16852.0,-44.9,1.7,82.2,40.MAHESWARA_KOMBAT2019,08:00:12,16800.7,-45.6,1.6,83.0,219MAHESWARA_KOMBAT2019,08:00:15,16775.3,-46.0,1.6,83.4,55.2,7.13,-7.682595,107.426003
.8,22.10,-7.680340,107.421036
8.3,42.38,-7.707443,107.385811
4.4,39.81,-7.708034,107.385345
MAHESWARA_KOMBAT2019,08:04:59,14407.4,-61.3,1.5,128.6,21MAHESWARA_KOMBAT2019,08:05:36,14144.0,-60.5,2.1,134.6,23MAHESWARA_KOMBAT2019,08:05:37,14135.1,-60.4,1.9,134.8,226,2.20,-7.706708,107.179199
